Quest√£o,Link
1,https://www.examtopics.com/discussions/amazon/view/102778-exam-aws-certified-developer-associate-dva-c02-topic-1/
2,https://www.examtopics.com/discussions/amazon/view/102782-exam-aws-certified-developer-associate-dva-c02-topic-1/
3,https://www.examtopics.com/discussions/amazon/view/102788-exam-aws-certified-developer-associate-dva-c02-topic-1/
4,https://www.examtopics.com/discussions/amazon/view/102789-exam-aws-certified-developer-associate-dva-c02-topic-1/
5,https://www.examtopics.com/discussions/amazon/view/102783-exam-aws-certified-developer-associate-dva-c02-topic-1/
6,https://www.examtopics.com/discussions/amazon/view/102784-exam-aws-certified-developer-associate-dva-c02-topic-1/
7,https://www.examtopics.com/discussions/amazon/view/102785-exam-aws-certified-developer-associate-dva-c02-topic-1/
8,https://www.examtopics.com/discussions/amazon/view/102786-exam-aws-certified-developer-associate-dva-c02-topic-1/
9,https://www.examtopics.com/discussions/amazon/view/103334-exam-aws-certified-developer-associate-dva-c02-topic-1/
10,https://www.examtopics.com/discussions/amazon/view/103335-exam-aws-certified-developer-associate-dva-c02-topic-1/
11,https://www.examtopics.com/discussions/amazon/view/102787-exam-aws-certified-developer-associate-dva-c02-topic-1/
12,https://www.examtopics.com/discussions/amazon/view/103439-exam-aws-certified-developer-associate-dva-c02-topic-1/
13,https://www.examtopics.com/discussions/amazon/view/103442-exam-aws-certified-developer-associate-dva-c02-topic-1/
14,https://www.examtopics.com/discussions/amazon/view/102741-exam-aws-certified-developer-associate-dva-c02-topic-1/
15,https://www.examtopics.com/discussions/amazon/view/102742-exam-aws-certified-developer-associate-dva-c02-topic-1/
16,https://www.examtopics.com/discussions/amazon/view/103444-exam-aws-certified-developer-associate-dva-c02-topic-1/
17,https://www.examtopics.com/discussions/amazon/view/102743-exam-aws-certified-developer-associate-dva-c02-topic-1/
18,https://www.examtopics.com/discussions/amazon/view/103466-exam-aws-certified-developer-associate-dva-c02-topic-1/
19,https://www.examtopics.com/discussions/amazon/view/103467-exam-aws-certified-developer-associate-dva-c02-topic-1/
20,https://www.examtopics.com/discussions/amazon/view/103468-exam-aws-certified-developer-associate-dva-c02-topic-1/
21,https://www.examtopics.com/discussions/amazon/view/102899-exam-aws-certified-developer-associate-dva-c02-topic-1/
22,https://www.examtopics.com/discussions/amazon/view/103644-exam-aws-certified-developer-associate-dva-c02-topic-1/
23,https://www.examtopics.com/discussions/amazon/view/102900-exam-aws-certified-developer-associate-dva-c02-topic-1/
24,https://www.examtopics.com/discussions/amazon/view/103646-exam-aws-certified-developer-associate-dva-c02-topic-1/
25,https://www.examtopics.com/discussions/amazon/view/103510-exam-aws-certified-developer-associate-dva-c02-topic-1/
26,https://www.examtopics.com/discussions/amazon/view/103656-exam-aws-certified-developer-associate-dva-c02-topic-1/
27,https://www.examtopics.com/discussions/amazon/view/102901-exam-aws-certified-developer-associate-dva-c02-topic-1/
28,https://www.examtopics.com/discussions/amazon/view/102902-exam-aws-certified-developer-associate-dva-c02-topic-1/
29,https://www.examtopics.com/discussions/amazon/view/102903-exam-aws-certified-developer-associate-dva-c02-topic-1/
30,https://www.examtopics.com/discussions/amazon/view/102904-exam-aws-certified-developer-associate-dva-c02-topic-1/
31,https://www.examtopics.com/discussions/amazon/view/103513-exam-aws-certified-developer-associate-dva-c02-topic-1/
32,https://www.examtopics.com/discussions/amazon/view/103515-exam-aws-certified-developer-associate-dva-c02-topic-1/
33,https://www.examtopics.com/discussions/amazon/view/103664-exam-aws-certified-developer-associate-dva-c02-topic-1/
34,https://www.examtopics.com/discussions/amazon/view/103517-exam-aws-certified-developer-associate-dva-c02-topic-1/
35,https://www.examtopics.com/discussions/amazon/view/103519-exam-aws-certified-developer-associate-dva-c02-topic-1/
36,https://www.examtopics.com/discussions/amazon/view/103521-exam-aws-certified-developer-associate-dva-c02-topic-1/
37,https://www.examtopics.com/discussions/amazon/view/103850-exam-aws-certified-developer-associate-dva-c02-topic-1/
38,https://www.examtopics.com/discussions/amazon/view/103522-exam-aws-certified-developer-associate-dva-c02-topic-1/
39,https://www.examtopics.com/discussions/amazon/view/103913-exam-aws-certified-developer-associate-dva-c02-topic-1/
40,https://www.examtopics.com/discussions/amazon/view/103523-exam-aws-certified-developer-associate-dva-c02-topic-1/
41,https://www.examtopics.com/discussions/amazon/view/103858-exam-aws-certified-developer-associate-dva-c02-topic-1/
42,https://www.examtopics.com/discussions/amazon/view/103914-exam-aws-certified-developer-associate-dva-c02-topic-1/
43,https://www.examtopics.com/discussions/amazon/view/103915-exam-aws-certified-developer-associate-dva-c02-topic-1/
44,https://www.examtopics.com/discussions/amazon/view/103916-exam-aws-certified-developer-associate-dva-c02-topic-1/
45,https://www.examtopics.com/discussions/amazon/view/103708-exam-aws-certified-developer-associate-dva-c02-topic-1/
46,https://www.examtopics.com/discussions/amazon/view/103917-exam-aws-certified-developer-associate-dva-c02-topic-1/
47,https://www.examtopics.com/discussions/amazon/view/103721-exam-aws-certified-developer-associate-dva-c02-topic-1/
48,https://www.examtopics.com/discussions/amazon/view/103918-exam-aws-certified-developer-associate-dva-c02-topic-1/
49,https://www.examtopics.com/discussions/amazon/view/103919-exam-aws-certified-developer-associate-dva-c02-topic-1/
50,https://www.examtopics.com/discussions/amazon/view/103619-exam-aws-certified-developer-associate-dva-c02-topic-1/
51,https://www.examtopics.com/discussions/amazon/view/103772-exam-aws-certified-developer-associate-dva-c02-topic-1/
52,https://www.examtopics.com/discussions/amazon/view/103922-exam-aws-certified-developer-associate-dva-c02-topic-1/
53,https://www.examtopics.com/discussions/amazon/view/103723-exam-aws-certified-developer-associate-dva-c02-topic-1/
54,https://www.examtopics.com/discussions/amazon/view/103757-exam-aws-certified-developer-associate-dva-c02-topic-1/
55,https://www.examtopics.com/discussions/amazon/view/103931-exam-aws-certified-developer-associate-dva-c02-topic-1/
56,https://www.examtopics.com/discussions/amazon/view/103932-exam-aws-certified-developer-associate-dva-c02-topic-1/
57,https://www.examtopics.com/discussions/amazon/view/104013-exam-aws-certified-developer-associate-dva-c02-topic-1/
58,https://www.examtopics.com/discussions/amazon/view/104014-exam-aws-certified-developer-associate-dva-c02-topic-1/
59,https://www.examtopics.com/discussions/amazon/view/104015-exam-aws-certified-developer-associate-dva-c02-topic-1/
60,https://www.examtopics.com/discussions/amazon/view/103807-exam-aws-certified-developer-associate-dva-c02-topic-1/
61,https://www.examtopics.com/discussions/amazon/view/103904-exam-aws-certified-developer-associate-dva-c02-topic-1/
62,https://www.examtopics.com/discussions/amazon/view/104016-exam-aws-certified-developer-associate-dva-c02-topic-1/
63,https://www.examtopics.com/discussions/amazon/view/103955-exam-aws-certified-developer-associate-dva-c02-topic-1/
64,https://www.examtopics.com/discussions/amazon/view/103687-exam-aws-certified-developer-associate-dva-c02-topic-1/
65,https://www.examtopics.com/discussions/amazon/view/103686-exam-aws-certified-developer-associate-dva-c02-topic-1/
66,https://www.examtopics.com/discussions/amazon/view/107437-exam-aws-certified-developer-associate-dva-c02-topic-1/
67,https://www.examtopics.com/discussions/amazon/view/107439-exam-aws-certified-developer-associate-dva-c02-topic-1/
68,https://www.examtopics.com/discussions/amazon/view/106484-exam-aws-certified-developer-associate-dva-c02-topic-1/
69,https://www.examtopics.com/discussions/amazon/view/107440-exam-aws-certified-developer-associate-dva-c02-topic-1/
70,https://www.examtopics.com/discussions/amazon/view/106488-exam-aws-certified-developer-associate-dva-c02-topic-1/
71,https://www.examtopics.com/discussions/amazon/view/106490-exam-aws-certified-developer-associate-dva-c02-topic-1/
72,https://www.examtopics.com/discussions/amazon/view/106491-exam-aws-certified-developer-associate-dva-c02-topic-1/
73,https://www.examtopics.com/discussions/amazon/view/106708-exam-aws-certified-developer-associate-dva-c02-topic-1/
74,https://www.examtopics.com/discussions/amazon/view/106711-exam-aws-certified-developer-associate-dva-c02-topic-1/
75,https://www.examtopics.com/discussions/amazon/view/106717-exam-aws-certified-developer-associate-dva-c02-topic-1/
76,https://www.examtopics.com/discussions/amazon/view/108728-exam-aws-certified-developer-associate-dva-c02-topic-1/
77,https://www.examtopics.com/discussions/amazon/view/107443-exam-aws-certified-developer-associate-dva-c02-topic-1/
78,https://www.examtopics.com/discussions/amazon/view/107444-exam-aws-certified-developer-associate-dva-c02-topic-1/
79,https://www.examtopics.com/discussions/amazon/view/108734-exam-aws-certified-developer-associate-dva-c02-topic-1/
80,https://www.examtopics.com/discussions/amazon/view/108735-exam-aws-certified-developer-associate-dva-c02-topic-1/
81,https://www.examtopics.com/discussions/amazon/view/106899-exam-aws-certified-developer-associate-dva-c02-topic-1/
82,https://www.examtopics.com/discussions/amazon/view/107445-exam-aws-certified-developer-associate-dva-c02-topic-1/
83,https://www.examtopics.com/discussions/amazon/view/109005-exam-aws-certified-developer-associate-dva-c02-topic-1/
84,https://www.examtopics.com/discussions/amazon/view/108737-exam-aws-certified-developer-associate-dva-c02-topic-1/
85,https://www.examtopics.com/discussions/amazon/view/108738-exam-aws-certified-developer-associate-dva-c02-topic-1/
86,https://www.examtopics.com/discussions/amazon/view/106939-exam-aws-certified-developer-associate-dva-c02-topic-1/
87,https://www.examtopics.com/discussions/amazon/view/108739-exam-aws-certified-developer-associate-dva-c02-topic-1/
88,https://www.examtopics.com/discussions/amazon/view/108740-exam-aws-certified-developer-associate-dva-c02-topic-1/
89,https://www.examtopics.com/discussions/amazon/view/111295-exam-aws-certified-developer-associate-dva-c02-topic-1/
90,https://www.examtopics.com/discussions/amazon/view/109208-exam-aws-certified-developer-associate-dva-c02-topic-1/
91,https://www.examtopics.com/discussions/amazon/view/109210-exam-aws-certified-developer-associate-dva-c02-topic-1/
92,https://www.examtopics.com/discussions/amazon/view/108741-exam-aws-certified-developer-associate-dva-c02-topic-1/
93,https://www.examtopics.com/discussions/amazon/view/106941-exam-aws-certified-developer-associate-dva-c02-topic-1/
94,https://www.examtopics.com/discussions/amazon/view/109241-exam-aws-certified-developer-associate-dva-c02-topic-1/
95,https://www.examtopics.com/discussions/amazon/view/108742-exam-aws-certified-developer-associate-dva-c02-topic-1/
96,https://www.examtopics.com/discussions/amazon/view/106946-exam-aws-certified-developer-associate-dva-c02-topic-1/
97,https://www.examtopics.com/discussions/amazon/view/106947-exam-aws-certified-developer-associate-dva-c02-topic-1/
98,https://www.examtopics.com/discussions/amazon/view/109646-exam-aws-certified-developer-associate-dva-c02-topic-1/
99,https://www.examtopics.com/discussions/amazon/view/109229-exam-aws-certified-developer-associate-dva-c02-topic-1/
100,https://www.examtopics.com/discussions/amazon/view/109246-exam-aws-certified-developer-associate-dva-c02-topic-1/
101,https://www.examtopics.com/discussions/amazon/view/106980-exam-aws-certified-developer-associate-dva-c02-topic-1/
102,https://www.examtopics.com/discussions/amazon/view/106981-exam-aws-certified-developer-associate-dva-c02-topic-1/
103,https://www.examtopics.com/discussions/amazon/view/106984-exam-aws-certified-developer-associate-dva-c02-topic-1/
104,https://www.examtopics.com/discussions/amazon/view/106987-exam-aws-certified-developer-associate-dva-c02-topic-1/
105,https://www.examtopics.com/discussions/amazon/view/106989-exam-aws-certified-developer-associate-dva-c02-topic-1/
106,https://www.examtopics.com/discussions/amazon/view/106992-exam-aws-certified-developer-associate-dva-c02-topic-1/
107,https://www.examtopics.com/discussions/amazon/view/107007-exam-aws-certified-developer-associate-dva-c02-topic-1/
108,https://www.examtopics.com/discussions/amazon/view/107010-exam-aws-certified-developer-associate-dva-c02-topic-1/
109,https://www.examtopics.com/discussions/amazon/view/109399-exam-aws-certified-developer-associate-dva-c02-topic-1/
110,https://www.examtopics.com/discussions/amazon/view/107013-exam-aws-certified-developer-associate-dva-c02-topic-1/
111,https://www.examtopics.com/discussions/amazon/view/107028-exam-aws-certified-developer-associate-dva-c02-topic-1/
112,https://www.examtopics.com/discussions/amazon/view/107037-exam-aws-certified-developer-associate-dva-c02-topic-1/
113,https://www.examtopics.com/discussions/amazon/view/107038-exam-aws-certified-developer-associate-dva-c02-topic-1/
114,https://www.examtopics.com/discussions/amazon/view/107039-exam-aws-certified-developer-associate-dva-c02-topic-1/
115,https://www.examtopics.com/discussions/amazon/view/107041-exam-aws-certified-developer-associate-dva-c02-topic-1/
116,https://www.examtopics.com/discussions/amazon/view/107050-exam-aws-certified-developer-associate-dva-c02-topic-1/
117,https://www.examtopics.com/discussions/amazon/view/107051-exam-aws-certified-developer-associate-dva-c02-topic-1/
118,https://www.examtopics.com/discussions/amazon/view/107052-exam-aws-certified-developer-associate-dva-c02-topic-1/
119,https://www.examtopics.com/discussions/amazon/view/107053-exam-aws-certified-developer-associate-dva-c02-topic-1/
120,https://www.examtopics.com/discussions/amazon/view/107054-exam-aws-certified-developer-associate-dva-c02-topic-1/
121,https://www.examtopics.com/discussions/amazon/view/107055-exam-aws-certified-developer-associate-dva-c02-topic-1/
122,https://www.examtopics.com/discussions/amazon/view/107057-exam-aws-certified-developer-associate-dva-c02-topic-1/
123,https://www.examtopics.com/discussions/amazon/view/107059-exam-aws-certified-developer-associate-dva-c02-topic-1/
124,https://www.examtopics.com/discussions/amazon/view/107060-exam-aws-certified-developer-associate-dva-c02-topic-1/
125,https://www.examtopics.com/discussions/amazon/view/107062-exam-aws-certified-developer-associate-dva-c02-topic-1/
126,https://www.examtopics.com/discussions/amazon/view/107063-exam-aws-certified-developer-associate-dva-c02-topic-1/
127,https://www.examtopics.com/discussions/amazon/view/107064-exam-aws-certified-developer-associate-dva-c02-topic-1/
128,https://www.examtopics.com/discussions/amazon/view/107066-exam-aws-certified-developer-associate-dva-c02-topic-1/
129,https://www.examtopics.com/discussions/amazon/view/112424-exam-aws-certified-developer-associate-dva-c02-topic-1/
130,https://www.examtopics.com/discussions/amazon/view/111831-exam-aws-certified-developer-associate-dva-c02-topic-1/
131,https://www.examtopics.com/discussions/amazon/view/111832-exam-aws-certified-developer-associate-dva-c02-topic-1/
132,https://www.examtopics.com/discussions/amazon/view/117336-exam-aws-certified-developer-associate-dva-c02-topic-1/
133,https://www.examtopics.com/discussions/amazon/view/117335-exam-aws-certified-developer-associate-dva-c02-topic-1/
134,https://www.examtopics.com/discussions/amazon/view/117334-exam-aws-certified-developer-associate-dva-c02-topic-1/
135,https://www.examtopics.com/discussions/amazon/view/117333-exam-aws-certified-developer-associate-dva-c02-topic-1/
136,https://www.examtopics.com/discussions/amazon/view/117332-exam-aws-certified-developer-associate-dva-c02-topic-1/
137,https://www.examtopics.com/discussions/amazon/view/117331-exam-aws-certified-developer-associate-dva-c02-topic-1/
138,https://www.examtopics.com/discussions/amazon/view/117795-exam-aws-certified-developer-associate-dva-c02-topic-1/
139,https://www.examtopics.com/discussions/amazon/view/117476-exam-aws-certified-developer-associate-dva-c02-topic-1/
140,https://www.examtopics.com/discussions/amazon/view/117574-exam-aws-certified-developer-associate-dva-c02-topic-1/
141,https://www.examtopics.com/discussions/amazon/view/117797-exam-aws-certified-developer-associate-dva-c02-topic-1/
142,https://www.examtopics.com/discussions/amazon/view/117798-exam-aws-certified-developer-associate-dva-c02-topic-1/
143,https://www.examtopics.com/discussions/amazon/view/122655-exam-aws-certified-developer-associate-dva-c02-topic-1/
144,https://www.examtopics.com/discussions/amazon/view/122562-exam-aws-certified-developer-associate-dva-c02-topic-1/
145,https://www.examtopics.com/discussions/amazon/view/122563-exam-aws-certified-developer-associate-dva-c02-topic-1/
146,https://www.examtopics.com/discussions/amazon/view/122564-exam-aws-certified-developer-associate-dva-c02-topic-1/
147,https://www.examtopics.com/discussions/amazon/view/122565-exam-aws-certified-developer-associate-dva-c02-topic-1/
148,https://www.examtopics.com/discussions/amazon/view/122566-exam-aws-certified-developer-associate-dva-c02-topic-1/
149,https://www.examtopics.com/discussions/amazon/view/122567-exam-aws-certified-developer-associate-dva-c02-topic-1/
150,https://www.examtopics.com/discussions/amazon/view/122571-exam-aws-certified-developer-associate-dva-c02-topic-1/
151,https://www.examtopics.com/discussions/amazon/view/122569-exam-aws-certified-developer-associate-dva-c02-topic-1/
152,https://www.examtopics.com/discussions/amazon/view/122572-exam-aws-certified-developer-associate-dva-c02-topic-1/
153,https://www.examtopics.com/discussions/amazon/view/122570-exam-aws-certified-developer-associate-dva-c02-topic-1/
154,https://www.examtopics.com/discussions/amazon/view/122573-exam-aws-certified-developer-associate-dva-c02-topic-1/
155,https://www.examtopics.com/discussions/amazon/view/122574-exam-aws-certified-developer-associate-dva-c02-topic-1/
156,https://www.examtopics.com/discussions/amazon/view/122575-exam-aws-certified-developer-associate-dva-c02-topic-1/
157,https://www.examtopics.com/discussions/amazon/view/122576-exam-aws-certified-developer-associate-dva-c02-topic-1/
158,https://www.examtopics.com/discussions/amazon/view/122577-exam-aws-certified-developer-associate-dva-c02-topic-1/
159,https://www.examtopics.com/discussions/amazon/view/122578-exam-aws-certified-developer-associate-dva-c02-topic-1/
160,https://www.examtopics.com/discussions/amazon/view/122579-exam-aws-certified-developer-associate-dva-c02-topic-1/
161,https://www.examtopics.com/discussions/amazon/view/122580-exam-aws-certified-developer-associate-dva-c02-topic-1/
162,https://www.examtopics.com/discussions/amazon/view/122582-exam-aws-certified-developer-associate-dva-c02-topic-1/
163,https://www.examtopics.com/discussions/amazon/view/122581-exam-aws-certified-developer-associate-dva-c02-topic-1/
164,https://www.examtopics.com/discussions/amazon/view/122586-exam-aws-certified-developer-associate-dva-c02-topic-1/
165,https://www.examtopics.com/discussions/amazon/view/122585-exam-aws-certified-developer-associate-dva-c02-topic-1/
166,https://www.examtopics.com/discussions/amazon/view/122584-exam-aws-certified-developer-associate-dva-c02-topic-1/
167,https://www.examtopics.com/discussions/amazon/view/122587-exam-aws-certified-developer-associate-dva-c02-topic-1/
168,https://www.examtopics.com/discussions/amazon/view/122588-exam-aws-certified-developer-associate-dva-c02-topic-1/
169,https://www.examtopics.com/discussions/amazon/view/122589-exam-aws-certified-developer-associate-dva-c02-topic-1/
170,https://www.examtopics.com/discussions/amazon/view/122590-exam-aws-certified-developer-associate-dva-c02-topic-1/
171,https://www.examtopics.com/discussions/amazon/view/122591-exam-aws-certified-developer-associate-dva-c02-topic-1/
172,https://www.examtopics.com/discussions/amazon/view/122593-exam-aws-certified-developer-associate-dva-c02-topic-1/
173,https://www.examtopics.com/discussions/amazon/view/122592-exam-aws-certified-developer-associate-dva-c02-topic-1/
174,https://www.examtopics.com/discussions/amazon/view/122594-exam-aws-certified-developer-associate-dva-c02-topic-1/
175,https://www.examtopics.com/discussions/amazon/view/122595-exam-aws-certified-developer-associate-dva-c02-topic-1/
176,https://www.examtopics.com/discussions/amazon/view/122596-exam-aws-certified-developer-associate-dva-c02-topic-1/
177,https://www.examtopics.com/discussions/amazon/view/122597-exam-aws-certified-developer-associate-dva-c02-topic-1/
178,https://www.examtopics.com/discussions/amazon/view/122598-exam-aws-certified-developer-associate-dva-c02-topic-1/
179,https://www.examtopics.com/discussions/amazon/view/122600-exam-aws-certified-developer-associate-dva-c02-topic-1/
180,https://www.examtopics.com/discussions/amazon/view/122601-exam-aws-certified-developer-associate-dva-c02-topic-1/
181,https://www.examtopics.com/discussions/amazon/view/122602-exam-aws-certified-developer-associate-dva-c02-topic-1/
182,https://www.examtopics.com/discussions/amazon/view/122604-exam-aws-certified-developer-associate-dva-c02-topic-1/
183,https://www.examtopics.com/discussions/amazon/view/122606-exam-aws-certified-developer-associate-dva-c02-topic-1/
184,https://www.examtopics.com/discussions/amazon/view/122605-exam-aws-certified-developer-associate-dva-c02-topic-1/
185,https://www.examtopics.com/discussions/amazon/view/122607-exam-aws-certified-developer-associate-dva-c02-topic-1/
186,https://www.examtopics.com/discussions/amazon/view/122608-exam-aws-certified-developer-associate-dva-c02-topic-1/
187,https://www.examtopics.com/discussions/amazon/view/122609-exam-aws-certified-developer-associate-dva-c02-topic-1/
188,https://www.examtopics.com/discussions/amazon/view/122610-exam-aws-certified-developer-associate-dva-c02-topic-1/
189,https://www.examtopics.com/discussions/amazon/view/122611-exam-aws-certified-developer-associate-dva-c02-topic-1/
190,https://www.examtopics.com/discussions/amazon/view/122612-exam-aws-certified-developer-associate-dva-c02-topic-1/
191,https://www.examtopics.com/discussions/amazon/view/122613-exam-aws-certified-developer-associate-dva-c02-topic-1/
192,https://www.examtopics.com/discussions/amazon/view/122615-exam-aws-certified-developer-associate-dva-c02-topic-1/
193,https://www.examtopics.com/discussions/amazon/view/122614-exam-aws-certified-developer-associate-dva-c02-topic-1/
194,https://www.examtopics.com/discussions/amazon/view/122616-exam-aws-certified-developer-associate-dva-c02-topic-1/
195,https://www.examtopics.com/discussions/amazon/view/122617-exam-aws-certified-developer-associate-dva-c02-topic-1/
196,https://www.examtopics.com/discussions/amazon/view/122618-exam-aws-certified-developer-associate-dva-c02-topic-1/
197,https://www.examtopics.com/discussions/amazon/view/122619-exam-aws-certified-developer-associate-dva-c02-topic-1/
198,https://www.examtopics.com/discussions/amazon/view/122620-exam-aws-certified-developer-associate-dva-c02-topic-1/
199,https://www.examtopics.com/discussions/amazon/view/122621-exam-aws-certified-developer-associate-dva-c02-topic-1/
200,https://www.examtopics.com/discussions/amazon/view/122622-exam-aws-certified-developer-associate-dva-c02-topic-1/
201,https://www.examtopics.com/discussions/amazon/view/122623-exam-aws-certified-developer-associate-dva-c02-topic-1/
202,https://www.examtopics.com/discussions/amazon/view/122624-exam-aws-certified-developer-associate-dva-c02-topic-1/
203,https://www.examtopics.com/discussions/amazon/view/122625-exam-aws-certified-developer-associate-dva-c02-topic-1/
204,https://www.examtopics.com/discussions/amazon/view/122626-exam-aws-certified-developer-associate-dva-c02-topic-1/
205,https://www.examtopics.com/discussions/amazon/view/122627-exam-aws-certified-developer-associate-dva-c02-topic-1/
206,https://www.examtopics.com/discussions/amazon/view/122628-exam-aws-certified-developer-associate-dva-c02-topic-1/
207,https://www.examtopics.com/discussions/amazon/view/122629-exam-aws-certified-developer-associate-dva-c02-topic-1/
208,https://www.examtopics.com/discussions/amazon/view/122630-exam-aws-certified-developer-associate-dva-c02-topic-1/
209,https://www.examtopics.com/discussions/amazon/view/122631-exam-aws-certified-developer-associate-dva-c02-topic-1/
210,https://www.examtopics.com/discussions/amazon/view/122632-exam-aws-certified-developer-associate-dva-c02-topic-1/
211,https://www.examtopics.com/discussions/amazon/view/124750-exam-aws-certified-developer-associate-dva-c02-topic-1/
212,https://www.examtopics.com/discussions/amazon/view/124765-exam-aws-certified-developer-associate-dva-c02-topic-1/
213,https://www.examtopics.com/discussions/amazon/view/124780-exam-aws-certified-developer-associate-dva-c02-topic-1/
214,https://www.examtopics.com/discussions/amazon/view/124777-exam-aws-certified-developer-associate-dva-c02-topic-1/
215,https://www.examtopics.com/discussions/amazon/view/124776-exam-aws-certified-developer-associate-dva-c02-topic-1/
216,https://www.examtopics.com/discussions/amazon/view/124769-exam-aws-certified-developer-associate-dva-c02-topic-1/
217,https://www.examtopics.com/discussions/amazon/view/124781-exam-aws-certified-developer-associate-dva-c02-topic-1/
218,https://www.examtopics.com/discussions/amazon/view/124770-exam-aws-certified-developer-associate-dva-c02-topic-1/
219,https://www.examtopics.com/discussions/amazon/view/124771-exam-aws-certified-developer-associate-dva-c02-topic-1/
220,https://www.examtopics.com/discussions/amazon/view/124772-exam-aws-certified-developer-associate-dva-c02-topic-1/
221,https://www.examtopics.com/discussions/amazon/view/124773-exam-aws-certified-developer-associate-dva-c02-topic-1/
222,https://www.examtopics.com/discussions/amazon/view/124805-exam-aws-certified-developer-associate-dva-c02-topic-1/
223,https://www.examtopics.com/discussions/amazon/view/124806-exam-aws-certified-developer-associate-dva-c02-topic-1/
224,https://www.examtopics.com/discussions/amazon/view/124774-exam-aws-certified-developer-associate-dva-c02-topic-1/
225,https://www.examtopics.com/discussions/amazon/view/124775-exam-aws-certified-developer-associate-dva-c02-topic-1/
226,https://www.examtopics.com/discussions/amazon/view/124817-exam-aws-certified-developer-associate-dva-c02-topic-1/
227,https://www.examtopics.com/discussions/amazon/view/124816-exam-aws-certified-developer-associate-dva-c02-topic-1/
228,https://www.examtopics.com/discussions/amazon/view/124778-exam-aws-certified-developer-associate-dva-c02-topic-1/
229,https://www.examtopics.com/discussions/amazon/view/124815-exam-aws-certified-developer-associate-dva-c02-topic-1/
230,https://www.examtopics.com/discussions/amazon/view/124818-exam-aws-certified-developer-associate-dva-c02-topic-1/
231,https://www.examtopics.com/discussions/amazon/view/124819-exam-aws-certified-developer-associate-dva-c02-topic-1/
232,https://www.examtopics.com/discussions/amazon/view/124820-exam-aws-certified-developer-associate-dva-c02-topic-1/
233,https://www.examtopics.com/discussions/amazon/view/126181-exam-aws-certified-developer-associate-dva-c02-topic-1/
234,https://www.examtopics.com/discussions/amazon/view/124821-exam-aws-certified-developer-associate-dva-c02-topic-1/
235,https://www.examtopics.com/discussions/amazon/view/124822-exam-aws-certified-developer-associate-dva-c02-topic-1/
236,https://www.examtopics.com/discussions/amazon/view/124825-exam-aws-certified-developer-associate-dva-c02-topic-1/
237,https://www.examtopics.com/discussions/amazon/view/124824-exam-aws-certified-developer-associate-dva-c02-topic-1/
238,https://www.examtopics.com/discussions/amazon/view/124783-exam-aws-certified-developer-associate-dva-c02-topic-1/
239,https://www.examtopics.com/discussions/amazon/view/124826-exam-aws-certified-developer-associate-dva-c02-topic-1/
240,https://www.examtopics.com/discussions/amazon/view/124827-exam-aws-certified-developer-associate-dva-c02-topic-1/
241,https://www.examtopics.com/discussions/amazon/view/124828-exam-aws-certified-developer-associate-dva-c02-topic-1/
242,https://www.examtopics.com/discussions/amazon/view/124830-exam-aws-certified-developer-associate-dva-c02-topic-1/
243,https://www.examtopics.com/discussions/amazon/view/124747-exam-aws-certified-developer-associate-dva-c02-topic-1/
244,https://www.examtopics.com/discussions/amazon/view/124787-exam-aws-certified-developer-associate-dva-c02-topic-1/
245,https://www.examtopics.com/discussions/amazon/view/124831-exam-aws-certified-developer-associate-dva-c02-topic-1/
246,https://www.examtopics.com/discussions/amazon/view/124748-exam-aws-certified-developer-associate-dva-c02-topic-1/
247,https://www.examtopics.com/discussions/amazon/view/124858-exam-aws-certified-developer-associate-dva-c02-topic-1/
248,https://www.examtopics.com/discussions/amazon/view/124859-exam-aws-certified-developer-associate-dva-c02-topic-1/
249,https://www.examtopics.com/discussions/amazon/view/124860-exam-aws-certified-developer-associate-dva-c02-topic-1/
250,https://www.examtopics.com/discussions/amazon/view/124861-exam-aws-certified-developer-associate-dva-c02-topic-1/
251,https://www.examtopics.com/discussions/amazon/view/124862-exam-aws-certified-developer-associate-dva-c02-topic-1/
252,https://www.examtopics.com/discussions/amazon/view/124863-exam-aws-certified-developer-associate-dva-c02-topic-1/
253,https://www.examtopics.com/discussions/amazon/view/124864-exam-aws-certified-developer-associate-dva-c02-topic-1/
254,https://www.examtopics.com/discussions/amazon/view/124865-exam-aws-certified-developer-associate-dva-c02-topic-1/
255,https://www.examtopics.com/discussions/amazon/view/134248-exam-aws-certified-developer-associate-dva-c02-topic-1/
256,https://www.examtopics.com/discussions/amazon/view/134067-exam-aws-certified-developer-associate-dva-c02-topic-1/
257,https://www.examtopics.com/discussions/amazon/view/134068-exam-aws-certified-developer-associate-dva-c02-topic-1/
258,https://www.examtopics.com/discussions/amazon/view/134259-exam-aws-certified-developer-associate-dva-c02-topic-1/
259,https://www.examtopics.com/discussions/amazon/view/134260-exam-aws-certified-developer-associate-dva-c02-topic-1/
260,https://www.examtopics.com/discussions/amazon/view/134261-exam-aws-certified-developer-associate-dva-c02-topic-1/
261,https://www.examtopics.com/discussions/amazon/view/133069-exam-aws-certified-developer-associate-dva-c02-topic-1/
262,https://www.examtopics.com/discussions/amazon/view/134262-exam-aws-certified-developer-associate-dva-c02-topic-1/
263,https://www.examtopics.com/discussions/amazon/view/134263-exam-aws-certified-developer-associate-dva-c02-topic-1/
264,https://www.examtopics.com/discussions/amazon/view/134264-exam-aws-certified-developer-associate-dva-c02-topic-1/
265,https://www.examtopics.com/discussions/amazon/view/134265-exam-aws-certified-developer-associate-dva-c02-topic-1/
266,https://www.examtopics.com/discussions/amazon/view/134266-exam-aws-certified-developer-associate-dva-c02-topic-1/
267,https://www.examtopics.com/discussions/amazon/view/134267-exam-aws-certified-developer-associate-dva-c02-topic-1/
268,https://www.examtopics.com/discussions/amazon/view/134268-exam-aws-certified-developer-associate-dva-c02-topic-1/
269,https://www.examtopics.com/discussions/amazon/view/134269-exam-aws-certified-developer-associate-dva-c02-topic-1/
270,https://www.examtopics.com/discussions/amazon/view/134270-exam-aws-certified-developer-associate-dva-c02-topic-1/
271,https://www.examtopics.com/discussions/amazon/view/134271-exam-aws-certified-developer-associate-dva-c02-topic-1/
272,https://www.examtopics.com/discussions/amazon/view/134272-exam-aws-certified-developer-associate-dva-c02-topic-1/
273,https://www.examtopics.com/discussions/amazon/view/134273-exam-aws-certified-developer-associate-dva-c02-topic-1/
274,https://www.examtopics.com/discussions/amazon/view/134274-exam-aws-certified-developer-associate-dva-c02-topic-1/
275,https://www.examtopics.com/discussions/amazon/view/134275-exam-aws-certified-developer-associate-dva-c02-topic-1/
276,https://www.examtopics.com/discussions/amazon/view/134276-exam-aws-certified-developer-associate-dva-c02-topic-1/
277,https://www.examtopics.com/discussions/amazon/view/134277-exam-aws-certified-developer-associate-dva-c02-topic-1/
278,https://www.examtopics.com/discussions/amazon/view/133406-exam-aws-certified-developer-associate-dva-c02-topic-1/
279,https://www.examtopics.com/discussions/amazon/view/134278-exam-aws-certified-developer-associate-dva-c02-topic-1/
280,https://www.examtopics.com/discussions/amazon/view/134279-exam-aws-certified-developer-associate-dva-c02-topic-1/
281,https://www.examtopics.com/discussions/amazon/view/134280-exam-aws-certified-developer-associate-dva-c02-topic-1/
282,https://www.examtopics.com/discussions/amazon/view/134281-exam-aws-certified-developer-associate-dva-c02-topic-1/
283,https://www.examtopics.com/discussions/amazon/view/134282-exam-aws-certified-developer-associate-dva-c02-topic-1/
284,https://www.examtopics.com/discussions/amazon/view/134283-exam-aws-certified-developer-associate-dva-c02-topic-1/
285,https://www.examtopics.com/discussions/amazon/view/134284-exam-aws-certified-developer-associate-dva-c02-topic-1/
286,https://www.examtopics.com/discussions/amazon/view/134285-exam-aws-certified-developer-associate-dva-c02-topic-1/
287,https://www.examtopics.com/discussions/amazon/view/134286-exam-aws-certified-developer-associate-dva-c02-topic-1/
288,https://www.examtopics.com/discussions/amazon/view/134287-exam-aws-certified-developer-associate-dva-c02-topic-1/
289,https://www.examtopics.com/discussions/amazon/view/134288-exam-aws-certified-developer-associate-dva-c02-topic-1/
290,https://www.examtopics.com/discussions/amazon/view/134289-exam-aws-certified-developer-associate-dva-c02-topic-1/
291,https://www.examtopics.com/discussions/amazon/view/134290-exam-aws-certified-developer-associate-dva-c02-topic-1/
292,https://www.examtopics.com/discussions/amazon/view/134291-exam-aws-certified-developer-associate-dva-c02-topic-1/
293,https://www.examtopics.com/discussions/amazon/view/134292-exam-aws-certified-developer-associate-dva-c02-topic-1/
294,https://www.examtopics.com/discussions/amazon/view/134293-exam-aws-certified-developer-associate-dva-c02-topic-1/
295,https://www.examtopics.com/discussions/amazon/view/134294-exam-aws-certified-developer-associate-dva-c02-topic-1/
296,https://www.examtopics.com/discussions/amazon/view/134295-exam-aws-certified-developer-associate-dva-c02-topic-1/
297,https://www.examtopics.com/discussions/amazon/view/134296-exam-aws-certified-developer-associate-dva-c02-topic-1/
298,https://www.examtopics.com/discussions/amazon/view/134297-exam-aws-certified-developer-associate-dva-c02-topic-1/
299,https://www.examtopics.com/discussions/amazon/view/134298-exam-aws-certified-developer-associate-dva-c02-topic-1/
300,https://www.examtopics.com/discussions/amazon/view/134336-exam-aws-certified-developer-associate-dva-c02-topic-1/
301,https://www.examtopics.com/discussions/amazon/view/134337-exam-aws-certified-developer-associate-dva-c02-topic-1/
302,https://www.examtopics.com/discussions/amazon/view/134124-exam-aws-certified-developer-associate-dva-c02-topic-1/
303,https://www.examtopics.com/discussions/amazon/view/134339-exam-aws-certified-developer-associate-dva-c02-topic-1/
304,https://www.examtopics.com/discussions/amazon/view/134340-exam-aws-certified-developer-associate-dva-c02-topic-1/
305,https://www.examtopics.com/discussions/amazon/view/134341-exam-aws-certified-developer-associate-dva-c02-topic-1/
306,https://www.examtopics.com/discussions/amazon/view/134125-exam-aws-certified-developer-associate-dva-c02-topic-1/
307,https://www.examtopics.com/discussions/amazon/view/134126-exam-aws-certified-developer-associate-dva-c02-topic-1/
308,https://www.examtopics.com/discussions/amazon/view/134342-exam-aws-certified-developer-associate-dva-c02-topic-1/
309,https://www.examtopics.com/discussions/amazon/view/133607-exam-aws-certified-developer-associate-dva-c02-topic-1/
310,https://www.examtopics.com/discussions/amazon/view/133608-exam-aws-certified-developer-associate-dva-c02-topic-1/
311,https://www.examtopics.com/discussions/amazon/view/133609-exam-aws-certified-developer-associate-dva-c02-topic-1/
312,https://www.examtopics.com/discussions/amazon/view/133610-exam-aws-certified-developer-associate-dva-c02-topic-1/
313,https://www.examtopics.com/discussions/amazon/view/133611-exam-aws-certified-developer-associate-dva-c02-topic-1/
314,https://www.examtopics.com/discussions/amazon/view/133612-exam-aws-certified-developer-associate-dva-c02-topic-1/
315,https://www.examtopics.com/discussions/amazon/view/134133-exam-aws-certified-developer-associate-dva-c02-topic-1/
316,https://www.examtopics.com/discussions/amazon/view/134135-exam-aws-certified-developer-associate-dva-c02-topic-1/
317,https://www.examtopics.com/discussions/amazon/view/134136-exam-aws-certified-developer-associate-dva-c02-topic-1/
318,https://www.examtopics.com/discussions/amazon/view/134343-exam-aws-certified-developer-associate-dva-c02-topic-1/
319,https://www.examtopics.com/discussions/amazon/view/134344-exam-aws-certified-developer-associate-dva-c02-topic-1/
320,https://www.examtopics.com/discussions/amazon/view/134139-exam-aws-certified-developer-associate-dva-c02-topic-1/
321,https://www.examtopics.com/discussions/amazon/view/133631-exam-aws-certified-developer-associate-dva-c02-topic-1/
322,https://www.examtopics.com/discussions/amazon/view/133632-exam-aws-certified-developer-associate-dva-c02-topic-1/
323,https://www.examtopics.com/discussions/amazon/view/133633-exam-aws-certified-developer-associate-dva-c02-topic-1/
324,https://www.examtopics.com/discussions/amazon/view/133634-exam-aws-certified-developer-associate-dva-c02-topic-1/
325,https://www.examtopics.com/discussions/amazon/view/134141-exam-aws-certified-developer-associate-dva-c02-topic-1/
326,https://www.examtopics.com/discussions/amazon/view/133636-exam-aws-certified-developer-associate-dva-c02-topic-1/
327,https://www.examtopics.com/discussions/amazon/view/134142-exam-aws-certified-developer-associate-dva-c02-topic-1/
328,https://www.examtopics.com/discussions/amazon/view/134345-exam-aws-certified-developer-associate-dva-c02-topic-1/
329,https://www.examtopics.com/discussions/amazon/view/136628-exam-aws-certified-developer-associate-dva-c02-topic-1/
330,https://www.examtopics.com/discussions/amazon/view/136632-exam-aws-certified-developer-associate-dva-c02-topic-1/
331,https://www.examtopics.com/discussions/amazon/view/136633-exam-aws-certified-developer-associate-dva-c02-topic-1/
332,https://www.examtopics.com/discussions/amazon/view/136634-exam-aws-certified-developer-associate-dva-c02-topic-1/
333,https://www.examtopics.com/discussions/amazon/view/136958-exam-aws-certified-developer-associate-dva-c02-topic-1/
334,https://www.examtopics.com/discussions/amazon/view/136640-exam-aws-certified-developer-associate-dva-c02-topic-1/
335,https://www.examtopics.com/discussions/amazon/view/136644-exam-aws-certified-developer-associate-dva-c02-topic-1/
336,https://www.examtopics.com/discussions/amazon/view/136959-exam-aws-certified-developer-associate-dva-c02-topic-1/
337,https://www.examtopics.com/discussions/amazon/view/136961-exam-aws-certified-developer-associate-dva-c02-topic-1/
338,https://www.examtopics.com/discussions/amazon/view/136645-exam-aws-certified-developer-associate-dva-c02-topic-1/
339,https://www.examtopics.com/discussions/amazon/view/136962-exam-aws-certified-developer-associate-dva-c02-topic-1/
340,https://www.examtopics.com/discussions/amazon/view/136964-exam-aws-certified-developer-associate-dva-c02-topic-1/
341,https://www.examtopics.com/discussions/amazon/view/136965-exam-aws-certified-developer-associate-dva-c02-topic-1/
342,https://www.examtopics.com/discussions/amazon/view/136966-exam-aws-certified-developer-associate-dva-c02-topic-1/
343,https://www.examtopics.com/discussions/amazon/view/136967-exam-aws-certified-developer-associate-dva-c02-topic-1/
344,https://www.examtopics.com/discussions/amazon/view/136968-exam-aws-certified-developer-associate-dva-c02-topic-1/
345,https://www.examtopics.com/discussions/amazon/view/136969-exam-aws-certified-developer-associate-dva-c02-topic-1/
346,https://www.examtopics.com/discussions/amazon/view/136970-exam-aws-certified-developer-associate-dva-c02-topic-1/
347,https://www.examtopics.com/discussions/amazon/view/136971-exam-aws-certified-developer-associate-dva-c02-topic-1/
348,https://www.examtopics.com/discussions/amazon/view/141193-exam-aws-certified-developer-associate-dva-c02-topic-1/
349,https://www.examtopics.com/discussions/amazon/view/137947-exam-aws-certified-developer-associate-dva-c02-topic-1/
350,https://www.examtopics.com/discussions/amazon/view/141194-exam-aws-certified-developer-associate-dva-c02-topic-1/
351,https://www.examtopics.com/discussions/amazon/view/136972-exam-aws-certified-developer-associate-dva-c02-topic-1/
352,https://www.examtopics.com/discussions/amazon/view/136973-exam-aws-certified-developer-associate-dva-c02-topic-1/
353,https://www.examtopics.com/discussions/amazon/view/140014-exam-aws-certified-developer-associate-dva-c02-topic-1/
354,https://www.examtopics.com/discussions/amazon/view/140015-exam-aws-certified-developer-associate-dva-c02-topic-1/
355,https://www.examtopics.com/discussions/amazon/view/136974-exam-aws-certified-developer-associate-dva-c02-topic-1/
356,https://www.examtopics.com/discussions/amazon/view/139677-exam-aws-certified-developer-associate-dva-c02-topic-1/
357,https://www.examtopics.com/discussions/amazon/view/136975-exam-aws-certified-developer-associate-dva-c02-topic-1/
358,https://www.examtopics.com/discussions/amazon/view/143129-exam-aws-certified-developer-associate-dva-c02-topic-1/
359,https://www.examtopics.com/discussions/amazon/view/143121-exam-aws-certified-developer-associate-dva-c02-topic-1/
360,https://www.examtopics.com/discussions/amazon/view/143366-exam-aws-certified-developer-associate-dva-c02-topic-1/
361,https://www.examtopics.com/discussions/amazon/view/143107-exam-aws-certified-developer-associate-dva-c02-topic-1/
362,https://www.examtopics.com/discussions/amazon/view/143367-exam-aws-certified-developer-associate-dva-c02-topic-1/
363,https://www.examtopics.com/discussions/amazon/view/143747-exam-aws-certified-developer-associate-dva-c02-topic-1/
364,https://www.examtopics.com/discussions/amazon/view/143369-exam-aws-certified-developer-associate-dva-c02-topic-1/
365,https://www.examtopics.com/discussions/amazon/view/143748-exam-aws-certified-developer-associate-dva-c02-topic-1/
366,https://www.examtopics.com/discussions/amazon/view/143749-exam-aws-certified-developer-associate-dva-c02-topic-1/
367,https://www.examtopics.com/discussions/amazon/view/143750-exam-aws-certified-developer-associate-dva-c02-topic-1/
368,https://www.examtopics.com/discussions/amazon/view/143751-exam-aws-certified-developer-associate-dva-c02-topic-1/
369,https://www.examtopics.com/discussions/amazon/view/143752-exam-aws-certified-developer-associate-dva-c02-topic-1/
370,https://www.examtopics.com/discussions/amazon/view/143753-exam-aws-certified-developer-associate-dva-c02-topic-1/
371,https://www.examtopics.com/discussions/amazon/view/143754-exam-aws-certified-developer-associate-dva-c02-topic-1/
372,https://www.examtopics.com/discussions/amazon/view/143755-exam-aws-certified-developer-associate-dva-c02-topic-1/
373,https://www.examtopics.com/discussions/amazon/view/143069-exam-aws-certified-developer-associate-dva-c02-topic-1/
374,https://www.examtopics.com/discussions/amazon/view/143756-exam-aws-certified-developer-associate-dva-c02-topic-1/
375,https://www.examtopics.com/discussions/amazon/view/143757-exam-aws-certified-developer-associate-dva-c02-topic-1/
376,https://www.examtopics.com/discussions/amazon/view/143758-exam-aws-certified-developer-associate-dva-c02-topic-1/
377,https://www.examtopics.com/discussions/amazon/view/143759-exam-aws-certified-developer-associate-dva-c02-topic-1/
378,https://www.examtopics.com/discussions/amazon/view/143767-exam-aws-certified-developer-associate-dva-c02-topic-1/
379,https://www.examtopics.com/discussions/amazon/view/143760-exam-aws-certified-developer-associate-dva-c02-topic-1/
380,https://www.examtopics.com/discussions/amazon/view/143761-exam-aws-certified-developer-associate-dva-c02-topic-1/
381,https://www.examtopics.com/discussions/amazon/view/143721-exam-aws-certified-developer-associate-dva-c02-topic-1/
382,https://www.examtopics.com/discussions/amazon/view/143722-exam-aws-certified-developer-associate-dva-c02-topic-1/
383,https://www.examtopics.com/discussions/amazon/view/143762-exam-aws-certified-developer-associate-dva-c02-topic-1/
384,https://www.examtopics.com/discussions/amazon/view/144606-exam-aws-certified-developer-associate-dva-c02-topic-1/
385,https://www.examtopics.com/discussions/amazon/view/143353-exam-aws-certified-developer-associate-dva-c02-topic-1/
386,https://www.examtopics.com/discussions/amazon/view/143763-exam-aws-certified-developer-associate-dva-c02-topic-1/
387,https://www.examtopics.com/discussions/amazon/view/143764-exam-aws-certified-developer-associate-dva-c02-topic-1/
388,https://www.examtopics.com/discussions/amazon/view/143799-exam-aws-certified-developer-associate-dva-c02-topic-1/
389,https://www.examtopics.com/discussions/amazon/view/143067-exam-aws-certified-developer-associate-dva-c02-topic-1/
390,https://www.examtopics.com/discussions/amazon/view/143800-exam-aws-certified-developer-associate-dva-c02-topic-1/
391,https://www.examtopics.com/discussions/amazon/view/143081-exam-aws-certified-developer-associate-dva-c02-topic-1/
392,https://www.examtopics.com/discussions/amazon/view/143082-exam-aws-certified-developer-associate-dva-c02-topic-1/
393,https://www.examtopics.com/discussions/amazon/view/143072-exam-aws-certified-developer-associate-dva-c02-topic-1/
394,https://www.examtopics.com/discussions/amazon/view/143083-exam-aws-certified-developer-associate-dva-c02-topic-1/
395,https://www.examtopics.com/discussions/amazon/view/143801-exam-aws-certified-developer-associate-dva-c02-topic-1/
396,https://www.examtopics.com/discussions/amazon/view/144607-exam-aws-certified-developer-associate-dva-c02-topic-1/
397,https://www.examtopics.com/discussions/amazon/view/143073-exam-aws-certified-developer-associate-dva-c02-topic-1/
398,https://www.examtopics.com/discussions/amazon/view/143357-exam-aws-certified-developer-associate-dva-c02-topic-1/
399,https://www.examtopics.com/discussions/amazon/view/143802-exam-aws-certified-developer-associate-dva-c02-topic-1/
400,https://www.examtopics.com/discussions/amazon/view/143803-exam-aws-certified-developer-associate-dva-c02-topic-1/
401,https://www.examtopics.com/discussions/amazon/view/143029-exam-aws-certified-developer-associate-dva-c02-topic-1/
402,https://www.examtopics.com/discussions/amazon/view/143030-exam-aws-certified-developer-associate-dva-c02-topic-1/
403,https://www.examtopics.com/discussions/amazon/view/144455-exam-aws-certified-developer-associate-dva-c02-topic-1/
404,https://www.examtopics.com/discussions/amazon/view/144274-exam-aws-certified-developer-associate-dva-c02-topic-1/
405,https://www.examtopics.com/discussions/amazon/view/144673-exam-aws-certified-developer-associate-dva-c02-topic-1/
406,https://www.examtopics.com/discussions/amazon/view/144456-exam-aws-certified-developer-associate-dva-c02-topic-1/
407,https://www.examtopics.com/discussions/amazon/view/144295-exam-aws-certified-developer-associate-dva-c02-topic-1/
408,https://www.examtopics.com/discussions/amazon/view/143936-exam-aws-certified-developer-associate-dva-c02-topic-1/
409,https://www.examtopics.com/discussions/amazon/view/144297-exam-aws-certified-developer-associate-dva-c02-topic-1/
410,https://www.examtopics.com/discussions/amazon/view/143937-exam-aws-certified-developer-associate-dva-c02-topic-1/
411,https://www.examtopics.com/discussions/amazon/view/144464-exam-aws-certified-developer-associate-dva-c02-topic-1/
412,https://www.examtopics.com/discussions/amazon/view/144608-exam-aws-certified-developer-associate-dva-c02-topic-1/
413,https://www.examtopics.com/discussions/amazon/view/144609-exam-aws-certified-developer-associate-dva-c02-topic-1/
414,https://www.examtopics.com/discussions/amazon/view/144610-exam-aws-certified-developer-associate-dva-c02-topic-1/
421,https://www.examtopics.com/discussions/amazon/view/146859-exam-aws-certified-developer-associate-dva-c02-topic-1/
423,https://www.examtopics.com/discussions/amazon/view/146861-exam-aws-certified-developer-associate-dva-c02-topic-1/
428,https://www.examtopics.com/discussions/amazon/view/146862-exam-aws-certified-developer-associate-dva-c02-topic-1/
430,https://www.examtopics.com/discussions/amazon/view/146863-exam-aws-certified-developer-associate-dva-c02-topic-1/
432,https://www.examtopics.com/discussions/amazon/view/147042-exam-aws-certified-developer-associate-dva-c02-topic-1/
